{
	"info": {
		"_postman_id": "eb831ed9-0629-4c1b-a245-fac5f919b9d6",
		"name": "Mobile Apps Posts",
		"schema": "https://schema.getpostman.com/json/collection/v2.1.0/collection.json",
		"_exporter_id": "2842848"
	},
	"item": [
		{
			"name": "/posts/login",
			"request": {
				"method": "POST",
				"header": [],
				"body": {
					"mode": "urlencoded",
					"urlencoded": [
						{
							"key": "email",
							"value": "a@a.com",
							"type": "text"
						},
						{
							"key": "password",
							"value": "test123",
							"type": "text"
						}
					]
				},
				"url": {
					"raw": "https://www.theappsdr.com/posts/login",
					"protocol": "https",
					"host": [
						"www",
						"theappsdr",
						"com"
					],
					"path": [
						"posts",
						"login"
					]
				}
			},
			"response": []
		},
		{
			"name": "/posts/signup",
			"request": {
				"method": "POST",
				"header": [],
				"body": {
					"mode": "urlencoded",
					"urlencoded": [
						{
							"key": "email",
							"value": "abc@abc.com",
							"type": "text"
						},
						{
							"key": "password",
							"value": "test123",
							"type": "text"
						},
						{
							"key": "name",
							"value": "Alice Smith",
							"type": "text"
						}
					]
				},
				"url": {
					"raw": "https://www.theappsdr.com/posts/signup",
					"protocol": "https",
					"host": [
						"www",
						"theappsdr",
						"com"
					],
					"path": [
						"posts",
						"signup"
					]
				}
			},
			"response": []
		},
		{
			"name": "/posts",
			"request": {
				"method": "GET",
				"header": [
					{
						"key": "Authorization",
						"value": "BEARER eyJ0eXAiOiJKV1QiLCJhbGciOiJIUzI1NiJ9.eyJpYXQiOjE3MTAyNjgxMTcsImV4cCI6MTc0MTgwNDExNywianRpIjoiNVFYb3o2amxKME1aVkJ2TFFDSE9xbSIsInVzZXIiOjF9.3eD7fq0xWavUfIDsOJmU4RFgamvBOOEX0WTCVpdByY4",
						"type": "text"
					}
				],
				"url": {
					"raw": "https://www.theappsdr.com/posts?page=1",
					"protocol": "https",
					"host": [
						"www",
						"theappsdr",
						"com"
					],
					"path": [
						"posts"
					],
					"query": [
						{
							"key": "page",
							"value": "1",
							"description": "Minimum is 1"
						}
					]
				}
			},
			"response": []
		},
		{
			"name": "/posts/create",
			"request": {
				"method": "POST",
				"header": [
					{
						"key": "Authorization",
						"value": "BEARER eyJ0eXAiOiJKV1QiLCJhbGciOiJIUzI1NiJ9.eyJpYXQiOjE3MTAyNjgxMTcsImV4cCI6MTc0MTgwNDExNywianRpIjoiNVFYb3o2amxKME1aVkJ2TFFDSE9xbSIsInVzZXIiOjF9.3eD7fq0xWavUfIDsOJmU4RFgamvBOOEX0WTCVpdByY4",
						"type": "text"
					}
				],
				"body": {
					"mode": "urlencoded",
					"urlencoded": [
						{
							"key": "post_text",
							"value": "This is a test post message 100",
							"type": "text"
						}
					]
				},
				"url": {
					"raw": "https://www.theappsdr.com/posts/create",
					"protocol": "https",
					"host": [
						"www",
						"theappsdr",
						"com"
					],
					"path": [
						"posts",
						"create"
					]
				}
			},
			"response": []
		},
		{
			"name": "/posts/delete",
			"request": {
				"method": "POST",
				"header": [
					{
						"key": "Authorization",
						"value": "BEARER eyJ0eXAiOiJKV1QiLCJhbGciOiJIUzI1NiJ9.eyJpYXQiOjE3MTAyNjgxMTcsImV4cCI6MTc0MTgwNDExNywianRpIjoiNVFYb3o2amxKME1aVkJ2TFFDSE9xbSIsInVzZXIiOjF9.3eD7fq0xWavUfIDsOJmU4RFgamvBOOEX0WTCVpdByY4",
						"type": "text"
					}
				],
				"body": {
					"mode": "urlencoded",
					"urlencoded": [
						{
							"key": "post_id",
							"value": "19",
							"type": "text"
						}
					]
				},
				"url": {
					"raw": "https://www.theappsdr.com/posts/delete",
					"protocol": "https",
					"host": [
						"www",
						"theappsdr",
						"com"
					],
					"path": [
						"posts",
						"delete"
					]
				}
			},
			"response": []
		}
	]
}